,Product_name,Sale price,Actual Price,Ratting,Offer,No of Ratting
0,"APPLE iPhone 13 (Green, 128 GB)","₹61,999","₹69,900",4.7,11% off,"2,03,658"
1,"APPLE iPhone 13 (Midnight, 128 GB)","₹61,999","₹69,900",4.7,11% off,"2,03,658"
2,"APPLE iPhone 13 (Pink, 128 GB)","₹61,999","₹69,900",4.7,11% off,"2,03,658"
3,"APPLE iPhone 13 (Blue, 128 GB)","₹61,999","₹69,900",4.7,11% off,"2,03,658"
4,"APPLE iPhone 13 (Starlight, 128 GB)","₹61,999","₹69,900",4.7,11% off,"2,03,658"
5,"APPLE iPhone 14 (Midnight, 128 GB)","₹71,999","₹79,900",4.6,9% off,"29,775"
6,"APPLE iPhone 14 (Blue, 128 GB)","₹71,999","₹79,900",4.6,9% off,"29,775"
7,"APPLE iPhone 11 (White, 128 GB)","₹43,999","₹48,900",4.6,10% off,"1,91,514"
8,"APPLE iPhone 11 (Black, 128 GB)","₹43,999","₹48,900",4.6,10% off,"1,91,514"
9,"APPLE iPhone 14 ((PRODUCT)RED, 128 GB)","₹69,999","₹79,900",4.6,12% off,"29,775"
10,"APPLE iPhone 14 (Midnight, 256 GB)","₹81,999","₹89,900",4.6,8% off,"29,775"
11,"APPLE iPhone 14 Plus (Blue, 128 GB)","₹79,999","₹89,900",4.7,11% off,"8,922"
12,"APPLE iPhone 13 (Green, 256 GB)","₹71,999","₹79,900",4.7,9% off,"2,03,658"
13,"APPLE iPhone 14 Plus (Purple, 128 GB)","₹79,999","₹89,900",4.7,11% off,"8,922"
14,"APPLE iPhone 13 (Blue, 256 GB)","₹71,999","₹79,900",4.7,9% off,"2,03,658"
15,"APPLE iPhone 11 (Black, 64 GB)","₹39,999","₹43,900",4.6,8% off,"1,91,514"
16,"APPLE iPhone 14 Plus (Starlight, 128 GB)","₹79,999","₹89,900",4.7,11% off,"8,922"
17,"APPLE iPhone 13 (Midnight, 256 GB)","₹71,999","₹79,900",4.7,9% off,"2,03,658"
18,"APPLE iPhone 14 (Purple, 256 GB)","₹81,999","₹89,900",4.6,8% off,"29,775"
19,"APPLE iPhone 13 (Pink, 256 GB)","₹71,999","₹79,900",4.7,9% off,"2,03,658"
20,"APPLE iPhone 14 Plus ((PRODUCT)RED, 128 GB)","₹77,999","₹89,900",4.7,13% off,"8,922"
21,"APPLE iPhone 13 (Starlight, 256 GB)","₹71,999","₹79,900",4.7,9% off,"2,03,658"
22,"APPLE iPhone 11 (White, 64 GB)","₹39,999","₹43,900",4.6,8% off,"1,91,514"
23,"APPLE iPhone 14 Pro (Space Black, 128 GB)","₹1,19,999","₹1,29,900",4.7,7% off,"1,052"
24,"APPLE iPhone 14 (Blue, 256 GB)","₹81,999","₹89,900",4.6,8% off,"29,775"
25,"APPLE iPhone 14 Pro Max (Space Black, 128 GB)","₹1,27,999","₹1,39,900",4.7,8% off,"1,174"
26,"APPLE iPhone 14 (Yellow, 128 GB)","₹71,999","₹79,900",4.6,9% off,"29,775"
27,"APPLE iPhone 12 (White, 64 GB)","₹53,999","₹59,900",4.6,9% off,"1,88,408"
28,"APPLE iPhone 13 ((PRODUCT)RED, 128 GB)","₹61,999","₹69,900",4.7,11% off,"2,03,658"
29,"APPLE iPhone 12 (Blue, 64 GB)","₹53,999","₹59,900",4.6,9% off,"1,88,408"
30,"APPLE iPhone 14 (Starlight, 128 GB)","₹71,999","₹79,900",4.6,9% off,"29,775"
31,"APPLE iPhone 12 (Red, 128 GB)","₹56,999","₹64,900",4.6,12% off,"1,88,408"
32,"APPLE iPhone 12 (White, 128 GB)","₹56,999","₹64,900",4.6,12% off,"1,88,408"
33,"APPLE iPhone 12 (Black, 64 GB)","₹53,999","₹59,900",4.6,9% off,"1,88,408"
34,"APPLE iPhone 14 Plus (Midnight, 128 GB)","₹79,999","₹89,900",4.7,11% off,"8,922"
35,"APPLE iPhone 14 ((PRODUCT)RED, 256 GB)","₹81,999","₹89,900",4.6,8% off,"29,775"
36,"APPLE iPhone 12 (Red, 64 GB)","₹53,999","₹59,900",4.6,9% off,"1,88,408"
37,"APPLE iPhone 14 Pro Max (Gold, 128 GB)","₹1,27,999","₹1,39,900",4.7,8% off,"1,174"
38,"APPLE iPhone 14 Pro (Silver, 128 GB)","₹1,19,999","₹1,29,900",4.7,7% off,"1,052"
39,"APPLE iPhone 14 Plus ((PRODUCT)RED, 256 GB)","₹89,999","₹99,900",4.7,9% off,"8,922"
40,"APPLE iPhone 13 mini (Blue, 128 GB)","₹61,999","₹64,900",4.5,4% off,"3,253"
41,"APPLE iPhone 14 (Starlight, 256 GB)","₹81,999","₹89,900",4.6,8% off,"29,775"
42,"APPLE iPhone 14 Pro Max (Silver, 128 GB)","₹1,27,999","₹1,39,900",4.7,8% off,"1,174"
43,"APPLE iPhone 13 ((PRODUCT)RED, 256 GB)","₹71,999","₹79,900",4.7,9% off,"2,03,658"
44,"APPLE iPhone 14 Pro (Gold, 128 GB)","₹1,19,999","₹1,29,900",4.7,7% off,"1,052"
45,"APPLE iPhone 14 (Purple, 128 GB)","₹71,999","₹79,900",4.6,9% off,"29,775"
46,"APPLE iPhone 14 Pro (Deep Purple, 128 GB)","₹1,19,999","₹1,29,900",4.7,7% off,"1,052"
47,"APPLE iPhone 11 (Red, 128 GB)","₹46,999","₹48,900",4.6,3% off,"1,91,514"
48,"APPLE iPhone 14 Plus (Midnight, 512 GB)","₹1,09,999","₹1,19,900",4.7,8% off,"8,922"
49,"APPLE iPhone 14 Pro (Deep Purple, 256 GB)","₹1,29,999","₹1,39,900",4.7,7% off,"1,052"
50,"APPLE iPhone 12 (Black, 256 GB)","₹66,999","₹74,900",4.6,10% off,"1,88,408"
51,"APPLE iPhone 12 (Blue, 256 GB)","₹66,999","₹74,900",4.6,10% off,"1,88,408"
52,"APPLE iPhone 14 (Midnight, 512 GB)","₹1,01,999","₹1,09,900",4.6,7% off,"29,775"
53,"APPLE iPhone 14 Plus (Purple, 512 GB)","₹1,09,999","₹1,19,900",4.7,8% off,"8,922"
54,"APPLE iPhone 13 (Green, 512 GB)","₹91,999","₹99,900",4.7,7% off,"2,03,658"
55,"APPLE iPhone 13 Pro Max (Gold, 512 GB)","₹1,34,999","₹1,59,900",4.6,15% off,"1,864"
56,"APPLE iPhone 13 (Blue, 512 GB)","₹91,999","₹99,900",4.7,7% off,"2,03,658"
57,"APPLE iPhone 12 (Green, 256 GB)","₹66,999","₹74,900",4.6,10% off,"1,88,408"
58,"APPLE iPhone 14 (Purple, 512 GB)","₹1,01,999","₹1,09,900",4.6,7% off,"29,775"
59,"APPLE iPhone 14 Pro (Space Black, 256 GB)","₹1,29,999","₹1,39,900",4.7,7% off,"1,052"
60,"APPLE iPhone 14 ((PRODUCT)RED, 512 GB)","₹1,01,999","₹1,09,900",4.6,7% off,"29,775"
61,"APPLE iPhone 14 Plus (Blue, 512 GB)","₹1,09,999","₹1,19,900",4.7,8% off,"8,922"
62,"APPLE iPhone 14 Plus (Starlight, 512 GB)","₹1,09,999","₹1,19,900",4.7,8% off,"8,922"
63,"APPLE iPhone 14 Plus ((PRODUCT)RED, 512 GB)","₹1,09,999","₹1,19,900",4.7,8% off,"8,922"
64,"APPLE iPhone 14 Pro Max (Deep Purple, 512 GB)","₹1,57,999","₹1,69,900",4.7,7% off,"1,174"
65,"APPLE iPhone 13 (Starlight, 512 GB)","₹91,999","₹99,900",4.7,7% off,"2,03,658"
66,"APPLE iPhone 14 Pro Max (Space Black, 256 GB)","₹1,37,999","₹1,49,900",4.7,7% off,"1,174"
67,"APPLE iPhone 14 Pro (Space Black, 512 GB)","₹1,49,999","₹1,59,900",4.7,6% off,"1,052"
68,"APPLE iPhone 12 Pro (Gold, 512 GB)","₹1,06,699","₹1,39,900",4.5,23% off,"1,307"
69,"APPLE iPhone 13 mini (Midnight, 512 GB)","₹89,999","₹94,900",4.5,5% off,"3,253"
70,"APPLE iPhone 14 (Starlight, 512 GB)","₹1,01,999","₹1,09,900",4.6,7% off,"29,775"
71,"APPLE iPhone 14 Pro Max (Gold, 512 GB)","₹1,57,999","₹1,69,900",4.7,7% off,"1,174"
72,"APPLE iPhone 14 Pro Max (Space Black, 256 GB)","₹1,37,999","₹1,49,900",4.7,7% off,"1,174"
73,"APPLE iPhone 12 Pro (Gold, 512 GB)","₹1,06,699","₹1,39,900",4.5,23% off,"1,307"
74,"APPLE iPhone 13 mini (Midnight, 512 GB)","₹89,999","₹94,900",4.5,5% off,"3,253"
75,"APPLE iPhone 14 Plus (Blue, 512 GB)","₹1,09,999","₹1,19,900",4.7,8% off,"8,922"
76,"APPLE iPhone 14 (Starlight, 512 GB)","₹1,01,999","₹1,09,900",4.6,7% off,"29,775"
77,"APPLE iPhone 13 (Pink, 512 GB)","₹91,999","₹99,900",4.7,7% off,"2,03,658"
78,"APPLE iPhone 11 Pro Max (Gold, 64 GB)","₹95,699","₹1,17,100",4.7,18% off,"1,098"
79,"APPLE iPhone 14 Pro Max (Gold, 512 GB)","₹1,57,999","₹1,69,900",4.7,7% off,"1,174"
80,"APPLE iPhone 14 Pro Max (Deep Purple, 128 GB)","₹1,27,999","₹1,39,900",4.7,8% off,"1,174"
81,"APPLE iPhone 13 mini (Pink, 128 GB)","₹61,999","₹64,900",4.5,4% off,"3,253"
82,"APPLE iPhone 14 Pro (Gold, 512 GB)","₹1,49,999","₹1,59,900",4.7,6% off,"1,052"
83,"APPLE iPhone 13 (Midnight, 512 GB)","₹91,999","₹99,900",4.7,7% off,"2,03,658"
84,"APPLE iPhone 14 Pro (Deep Purple, 512 GB)","₹1,49,999","₹1,59,900",4.7,6% off,"1,052"
85,"APPLE iPhone 13 Pro (Silver, 512 GB)","₹1,25,999","₹1,49,900",4.7,15% off,"1,443"
86,"APPLE iPhone 12 (Purple, 256 GB)","₹66,999","₹74,900",4.6,10% off,"1,88,408"
87,"APPLE iPhone 14 Pro (Silver, 512 GB)","₹1,49,999","₹1,59,900",4.7,6% off,"1,052"
88,"APPLE iPhone 13 Pro Max (Alpine Green, 512 GB)","₹1,34,999","₹1,59,900",4.6,15% off,"1,864"
89,"APPLE iPhone 13 Pro (Gold, 512 GB)","₹1,25,999","₹1,49,900",4.7,15% off,"1,443"
90,"APPLE iPhone 13 mini (Pink, 512 GB)","₹89,999","₹94,900",4.5,5% off,"3,253"
91,"APPLE iPhone 11 (Yellow, 64 GB)","₹41,999","₹43,900",4.6,4% off,"1,91,514"
92,"APPLE iPhone 14 Pro Max (Silver, 512 GB)","₹1,57,999","₹1,69,900",4.7,7% off,"1,174"
93,"APPLE iPhone 13 mini ((PRODUCT)RED, 512 GB)","₹89,999","₹94,900",4.5,5% off,"3,253"
94,"APPLE iPhone 14 Pro (Space Black, 1 TB)","₹1,69,999","₹1,79,900",4.7,5% off,"1,052"
95,"APPLE iPhone 14 Pro Max (Gold, 256 GB)","₹1,37,999","₹1,49,900",4.7,7% off,"1,174"
96,"APPLE iPhone 14 Plus (Starlight, 256 GB)","₹89,999","₹99,900",4.7,9% off,"8,922"
97,"APPLE iPhone 13 Pro Max (Sierra Blue, 128 GB)","₹1,29,900",Same Price,4.6,No offer this product,"1,864"
98,"APPLE iPhone 12 mini (Black, 128 GB)","₹55,999","₹64,900",4.5,13% off,"1,27,536"
99,"APPLE iPhone 14 Plus (Purple, 256 GB)","₹89,999","₹99,900",4.7,9% off,"8,922"
100,"APPLE iPhone XS Max (Space Grey, 64 GB)","₹1,09,900",Same Price,4.6,No offer this product,"1,454"
101,"APPLE iPhone 14 Pro (Gold, 1 TB)","₹1,69,999","₹1,79,900",4.7,5% off,"1,052"
102,"APPLE iPhone XR (White, 64 GB)","₹36,999","₹47,900",4.6,22% off,"1,00,749"
103,"APPLE iPhone 14 Pro Max (Space Black, 512 GB)","₹1,57,999","₹1,69,900",4.7,7% off,"1,174"
104,"APPLE iPhone 13 mini (Green, 512 GB)","₹89,999","₹94,900",4.5,5% off,"3,253"
105,"APPLE iPhone XR ((PRODUCT)RED, 64 GB)","₹36,999","₹47,900",4.6,22% off,"1,00,749"
106,"APPLE iPhone 13 Pro Max (Silver, 1 TB)","₹1,55,999","₹1,79,900",4.6,13% off,"1,864"
107,"APPLE iPhone 8 Plus (Space Grey, 64 GB)","₹49,900","₹74,624",4.6,33% off,"3,438"
108,"APPLE iPhone 12 mini (White, 64 GB)","₹50,999","₹59,900",4.5,14% off,"1,27,536"
109,"APPLE iPhone 11 Pro (Midnight Green, 512 GB)","₹1,18,199","₹1,40,300",4.6,15% off,"8,667"
110,"APPLE iPhone 6 (Space Grey, 32 GB)","₹30,780","₹31,900",4.4,3% off,"1,45,545"
111,"APPLE iPhone 13 Pro (Graphite, 1 TB)","₹1,44,999","₹1,69,900",4.7,14% off,"1,443"
112,"APPLE iPhone 13 Pro Max (Alpine Green, 1 TB)","₹1,55,999","₹1,79,900",4.6,13% off,"1,864"
113,"APPLE iPhone 6 (Silver, 16 GB)","₹36,990","₹52,000",4.4,28% off,"1,45,545"
114,"APPLE iPhone 13 Pro Max (Graphite, 1 TB)","₹1,55,999","₹1,79,900",4.6,13% off,"1,864"
115,"Apple iPhone XR ((PRODUCT)RED, 64 GB) (Includes EarPods, Power Adapter)","₹36,999","₹47,900",4.6,22% off,"1,00,749"
116,"APPLE iPhone 13 Pro Max (Alpine Green, 128 GB)","₹1,29,900",Same Price,4.6,No offer this product,"1,864"
117,"APPLE iPhone 6s (Silver, 32 GB)","₹29,990",Same Price,4.5,No offer this product,"93,058"
118,"APPLE iPhone 8 (Gold, 256 GB)","₹77,000",Same Price,4.5,No offer this product,"11,371"
119,"APPLE iPhone 8 Plus (Gold, 64 GB)","₹49,900","₹77,060",4.6,35% off,"3,438"
120,"APPLE iPhone 12 mini (White, 64 GB)","₹50,999","₹59,900",4.5,14% off,"1,27,536"
121,"APPLE iPhone 6 (Space Grey, 32 GB)","₹30,780","₹31,900",4.4,3% off,"1,45,545"
122,"APPLE iPhone 13 Pro (Graphite, 1 TB)","₹1,44,999","₹1,69,900",4.7,14% off,"1,443"
123,"APPLE iPhone 13 Pro Max (Alpine Green, 1 TB)","₹1,55,999","₹1,79,900",4.6,13% off,"1,864"
124,"APPLE iPhone 6 (Silver, 16 GB)","₹36,990","₹52,000",4.4,28% off,"1,45,545"
125,"APPLE iPhone 13 Pro Max (Graphite, 1 TB)","₹1,55,999","₹1,79,900",4.6,13% off,"1,864"
126,"Apple iPhone XR ((PRODUCT)RED, 64 GB) (Includes EarPods, Power Adapter)","₹36,999","₹47,900",4.6,22% off,"1,00,749"
127,"APPLE iPhone 13 Pro (Alpine Green, 128 GB)","₹1,19,900",Same Price,4.7,No offer this product,"1,443"
128,"APPLE iPhone 14 Plus (Yellow, 128 GB)","₹79,999","₹89,900",4.7,11% off,"8,922"
129,"APPLE iPhone 13 Pro Max (Alpine Green, 128 GB)","₹1,29,900",Same Price,4.6,No offer this product,"1,864"
130,"APPLE iPhone 11 Pro (Midnight Green, 64 GB)","₹87,099","₹1,06,600",4.6,18% off,"8,667"
131,"APPLE iPhone 6s (Silver, 32 GB)","₹29,990",Same Price,4.5,No offer this product,"93,058"
132,"APPLE iPhone 13 Pro Max (Graphite, 512 GB)","₹1,34,999","₹1,59,900",4.6,15% off,"1,864"
133,"APPLE iPhone 8 (Gold, 256 GB)","₹77,000",Same Price,4.5,No offer this product,"11,371"
134,"APPLE iPhone 6s Plus (Gold, 32 GB)","₹34,900",Same Price,4.4,No offer this product,"18,834"
135,"Apple iPhone SE (Black, 64 GB) (Includes EarPods, Power Adapter)","₹28,990","₹39,900",4.5,27% off,"1,54,102"
136,"APPLE iPhone 13 Pro Max (Graphite, 256 GB)","₹1,39,900",Same Price,4.6,No offer this product,"1,864"
137,"APPLE iPhone 13 Pro Max (Silver, 256 GB)","₹1,39,900",Same Price,4.6,No offer this product,"1,864"
138,"APPLE iPhone 8 Plus (Gold, 64 GB)","₹49,900","₹77,060",4.6,35% off,"3,438"
139,"APPLE iPhone 11 Pro Max (Space Grey, 64 GB)","₹95,699","₹1,17,100",4.7,18% off,"1,098"
140,"APPLE iPhone 13 Pro (Gold, 1 TB)","₹1,44,999","₹1,69,900",4.7,14% off,"1,443"
141,"APPLE iPhone 7 (Jet Black, 128 GB)","₹34,900",Same Price,4.5,No offer this product,"95,109"
142,"APPLE iPhone 13 Pro (Silver, 1 TB)","₹1,44,999","₹1,69,900",4.7,14% off,"1,443"
143,"APPLE iPhone 11 Pro Max (Midnight Green, 64 GB)","₹95,699","₹1,09,900",4.7,12% off,"1,098"
144,"APPLE iPhone 12 mini (Black, 256 GB)","₹56,999","₹74,900",4.5,23% off,"1,27,536"
145,"APPLE iPhone 13 Pro Max (Silver, 512 GB)","₹1,34,999","₹1,59,900",4.6,15% off,"1,864"
146,"APPLE iPhone 8 (Space Grey, 256 GB)","₹77,000",Same Price,4.5,No offer this product,"11,371"
147,"APPLE iPhone 11 Pro (Silver, 256 GB)","₹1,00,699","₹1,21,300",4.6,16% off,"8,667"
148,"APPLE iPhone 6 (Gold, 32 GB)","₹28,130","₹30,780",4.4,8% off,"1,45,545"
149,"APPLE iPhone 6 (Space Grey, 16 GB)","₹52,000",Same Price,4.4,No offer this product,"1,45,545"
150,"APPLE iPhone 5s (Space Grey, 16 GB)","₹25,000",Same Price,4.4,No offer this product,"62,746"
151,"APPLE iPhone 14 Pro (Silver, 1 TB)","₹1,69,999","₹1,79,900",4.7,5% off,"1,052"
152,"APPLE iPhone 13 Pro Max (Alpine Green, 256 GB)","₹1,39,900",Same Price,4.6,No offer this product,"1,864"
153,"APPLE iPhone 13 Pro Max (Gold, 1 TB)","₹1,55,999","₹1,79,900",4.6,13% off,"1,864"
154,"APPLE iPhone 8 (Silver, 256 GB)","₹77,000",Same Price,4.5,No offer this product,"11,371"
155,"APPLE iPhone 13 Pro (Sierra Blue, 1 TB)","₹1,44,999","₹1,69,900",4.7,14% off,"1,443"
156,"APPLE iPhone 14 Pro Max (Silver, 1 TB)","₹1,77,999","₹1,89,900",4.7,6% off,"1,174"
157,"APPLE iPhone 13 Pro Max (Silver, 128 GB)","₹1,29,900",Same Price,4.6,No offer this product,"1,864"
158,"APPLE iPhone 7 (Black, 32 GB)","₹31,500",Same Price,4.5,No offer this product,"95,109"
159,"APPLE iPhone XS Max (Space Grey, 256 GB)","₹1,24,900",Same Price,4.6,No offer this product,"1,454"
160,"APPLE iPhone 13 Pro (Alpine Green, 1 TB)","₹1,44,999","₹1,69,900",4.7,14% off,"1,443"
161,"APPLE iPhone XS (Space Grey, 512 GB)","₹1,34,900",Same Price,4.7,No offer this product,"11,964"
162,"APPLE iPhone 12 Pro (Silver, 512 GB)","₹1,06,699","₹1,39,900",4.5,23% off,"1,307"
163,"APPLE iPhone 8 Plus (Space Grey, 256 GB)","₹84,900",Same Price,4.6,No offer this product,"3,438"
164,"APPLE iPhone SE 3rd Gen (Starlight, 256 GB)","₹46,599","₹64,900",4.3,28% off,600
165,"APPLE iPhone 8 (Gold, 64 GB)","₹39,900",Same Price,4.5,No offer this product,"11,371"
166,"APPLE iPhone 5s (Silver, 16 GB)","₹25,000",Same Price,4.4,No offer this product,"62,746"
167,"APPLE iPhone 8 Plus (Silver, 256 GB)","₹84,900",Same Price,4.6,No offer this product,"3,438"
168,"Apple iPhone XR (Black, 64 GB) (Includes EarPods, Power Adapter)","₹36,999","₹47,900",4.6,22% off,"1,00,749"
169,"Apple iPhone XR (Coral, 64 GB) (Includes EarPods, Power Adapter)","₹36,999","₹47,900",4.6,22% off,"1,00,749"
170,"APPLE iPhone 13 Pro (Alpine Green, 512 GB)","₹1,25,999","₹1,49,900",4.7,15% off,"1,443"
171,"APPLE iPhone XS Max (Gold, 512 GB)","₹1,44,900",Same Price,4.6,No offer this product,"1,454"
172,"APPLE iPhone 13 mini (Green, 128 GB)","₹61,999","₹64,900",4.5,4% off,"3,253"
173,"APPLE iPhone 6s (Rose Gold, 16 GB)","₹31,999","₹62,000",4.5,48% off,"93,058"
174,"APPLE iPhone 11 (Green, 64 GB)","₹41,999","₹43,900",4.6,4% off,"1,91,514"
175,"Apple iPhone SE (White, 256 GB) (Includes EarPods, Power Adapter)","₹40,990","₹54,900",4.5,25% off,"1,54,102"
176,"APPLE iPhone 7 (Rose Gold, 128 GB)","₹34,900",Same Price,4.5,No offer this product,"95,109"
177,"APPLE iPhone 13 mini ((PRODUCT)RED, 256 GB)","₹71,999","₹74,900",4.5,3% off,"3,253"
178,"APPLE iPhone 11 (Red, 64 GB)","₹41,999","₹43,900",4.6,4% off,"1,91,514"
179,"APPLE iPhone 13 Pro (Graphite, 512 GB)","₹1,25,999","₹1,49,900",4.7,15% off,"1,443"
180,"APPLE iPhone 6 Plus (Space Grey, 16 GB)","₹39,999","₹62,000",4.5,35% off,"1,672"
181,"APPLE iPhone 11 (Purple, 64 GB)","₹41,999","₹43,900",4.6,4% off,"1,91,514"
182,"APPLE iPhone 12 (Green, 64 GB)","₹53,999","₹59,900",4.6,9% off,"1,88,408"
183,"APPLE iPhone 13 mini (Green, 256 GB)","₹71,999","₹74,900",4.5,3% off,"3,253"
184,"APPLE iPhone 6s (Gold, 32 GB)","₹29,990",Same Price,4.5,No offer this product,"93,058"
185,"Apple iPhone SE (Black, 256 GB) (Includes EarPods, Power Adapter)","₹40,990","₹54,900",4.5,25% off,"1,54,102"
186,"APPLE iPhone 14 Plus (Midnight, 256 GB)","₹89,999","₹99,900",4.7,9% off,"8,922"
187,"APPLE iPhone 12 mini (White, 128 GB)","₹55,999","₹64,900",4.5,13% off,"1,27,536"
188,"APPLE iPhone 13 Pro (Gold, 256 GB)","₹1,29,900",Same Price,4.7,No offer this product,"1,443"
189,"APPLE iPhone 12 mini (Red, 256 GB)","₹56,999","₹74,900",4.5,23% off,"1,27,536"
190,"APPLE iPhone 11 (Purple, 128 GB)","₹46,999","₹48,900",4.6,3% off,"1,91,514"
191,"APPLE iPhone 11 Pro (Gold, 64 GB)","₹87,099","₹1,06,600",4.6,18% off,"8,667"
192,"APPLE iPhone 13 Pro (Graphite, 512 GB)","₹1,25,999","₹1,49,900",4.7,15% off,"1,443"
193,"APPLE iPhone 6 Plus (Space Grey, 16 GB)","₹39,999","₹62,000",4.5,35% off,"1,672"
194,"APPLE iPhone 11 (Purple, 64 GB)","₹41,999","₹43,900",4.6,4% off,"1,91,514"
195,Cellecor E3,"₹1,061","₹1,599",3.8,33% off,48
196,"APPLE iPhone 12 (Green, 64 GB)","₹53,999","₹59,900",4.6,9% off,"1,88,408"
197,"APPLE iPhone 13 mini (Green, 256 GB)","₹71,999","₹74,900",4.5,3% off,"3,253"
198,"APPLE iPhone 6s (Gold, 32 GB)","₹29,990",Same Price,4.5,No offer this product,"93,058"
199,"Apple iPhone SE (Black, 256 GB) (Includes EarPods, Power Adapter)","₹40,990","₹54,900",4.5,25% off,"1,54,102"
200,"APPLE iPhone 12 mini (White, 128 GB)","₹55,999","₹64,900",4.5,13% off,"1,27,536"
201,"APPLE iPhone 13 Pro (Gold, 256 GB)","₹1,29,900",Same Price,4.7,No offer this product,"1,443"
202,"APPLE iPhone 12 mini (Red, 256 GB)","₹56,999","₹74,900",4.5,23% off,"1,27,536"
203,"APPLE iPhone 11 Pro (Gold, 64 GB)","₹87,099","₹1,06,600",4.6,18% off,"8,667"
204,"APPLE iPhone 7 Plus (Jet Black, 32 GB)","₹37,900",Same Price,4.5,No offer this product,"29,809"
205,"Apple iPhone XR (White, 64 GB) (Includes EarPods, Power Adapter)","₹36,999","₹47,900",4.6,22% off,"1,00,749"
206,"Apple iPhone XR (Coral, 256 GB) (Includes EarPods, Power Adapter)","₹91,900",Same Price,4.6,No offer this product,"1,00,749"
207,"Apple iPhone XR (Black, 256 GB) (Includes EarPods, Power Adapter)","₹91,900",Same Price,4.6,No offer this product,"1,00,749"
208,"APPLE iPhone 12 mini (Blue, 128 GB)","₹55,999","₹64,900",4.5,13% off,"1,27,536"
209,"APPLE iPhone 14 Plus (Yellow, 256 GB)","₹89,999","₹99,900",4.7,9% off,"8,922"
210,"APPLE iPhone 14 Plus (Yellow, 512 GB)","₹1,09,999","₹1,19,900",4.7,8% off,"8,922"
211,"Apple iPhone XR (Blue, 256 GB) (Includes EarPods, Power Adapter)","₹91,900",Same Price,4.6,No offer this product,"1,00,749"
212,"APPLE iPhone 6s (Rose Gold, 32 GB)","₹29,990",Same Price,4.5,No offer this product,"93,058"
213,"APPLE iPhone 6s (Gold, 64 GB)","₹49,999","₹72,000",4.5,30% off,"93,058"
214,"APPLE iPhone 6s Plus (Rose Gold, 64 GB)","₹59,999","₹82,000",4.4,26% off,"18,834"
215,"APPLE iPhone 6s (Gold, 128 GB)","₹55,999","₹60,000",4.5,6% off,"93,058"
216,"Apple iPhone XR (Blue, 64 GB) (Includes EarPods, Power Adapter)","₹36,999","₹47,900",4.6,22% off,"1,00,749"
217,"Apple iPhone XR (White, 256 GB) (Includes EarPods, Power Adapter)","₹91,900",Same Price,4.6,No offer this product,"1,00,749"
218,"APPLE iPhone 11 Pro (Silver, 512 GB)","₹1,40,300",Same Price,4.6,No offer this product,"8,667"
219,Cellecor E3,"₹1,061","₹1,599",3.8,33% off,48
220,"APPLE iPhone 6s (Silver, 64 GB)","₹49,999","₹72,000",4.5,30% off,"93,058"
221,"APPLE iPhone 7 (Rose Gold, 32 GB)","₹31,500",Same Price,4.5,No offer this product,"95,109"
222,"APPLE iPhone 6s (Gold, 16 GB)","₹41,999","₹62,000",4.5,32% off,"93,058"
223,"APPLE iPhone 12 mini (Green, 64 GB)","₹50,999","₹59,900",4.5,14% off,"1,27,536"
224,"Apple iPhone XR (Yellow, 64 GB) (Includes EarPods, Power Adapter)","₹36,999","₹47,900",4.6,22% off,"1,00,749"
225,"APPLE iPhone 7 (Silver, 32 GB)","₹31,500",Same Price,4.5,No offer this product,"95,109"
226,"APPLE iPhone 6s (Silver, 128 GB)","₹55,999","₹60,000",4.5,6% off,"93,058"
227,"APPLE iPhone 6s (Rose Gold, 128 GB)","₹55,999","₹60,000",4.5,6% off,"93,058"
228,"APPLE iPhone SE (Black, 256 GB)","₹40,990","₹54,900",4.5,25% off,"1,54,102"
229,"APPLE iPhone 11 Pro (Gold, 512 GB)","₹1,40,300",Same Price,4.6,No offer this product,"8,667"
230,"APPLE iPhone XS Max (Silver, 64 GB)","₹1,09,900",Same Price,4.6,No offer this product,"1,454"
231,"APPLE iPhone 12 Pro (Graphite, 512 GB)","₹1,06,699","₹1,39,900",4.5,23% off,"1,307"
232,"APPLE iPhone SE (Red, 128 GB)","₹32,990","₹44,900",4.5,26% off,"1,54,102"
233,"Apple iPhone SE (Red, 128 GB) (Includes EarPods, Power Adapter)","₹32,990","₹44,900",4.5,26% off,"1,54,102"
234,"APPLE iPhone 7 (Jet Black, 32 GB)","₹31,500",Same Price,4.5,No offer this product,"95,109"
235,"APPLE iPhone 6s (Space Grey, 64 GB)","₹49,999","₹72,000",4.5,30% off,"93,058"
236,"APPLE iPhone 6s Plus (Silver, 64 GB)","₹59,999","₹82,000",4.4,26% off,"18,834"
237,"APPLE iPhone SE 3rd Gen (Product (Red), 64 GB)","₹32,699","₹49,900",4.3,34% off,600
238,"APPLE iPhone 11 Pro (Space Grey, 512 GB)","₹1,40,300",Same Price,4.6,No offer this product,"8,667"
239,"APPLE iPhone 12 mini (Purple, 64 GB)","₹50,999","₹59,900",4.5,14% off,"1,27,536"
240,"APPLE iPhone SE (Red, 128 GB)","₹32,990","₹44,900",4.5,26% off,"1,54,102"
241,"Apple iPhone SE (Red, 128 GB) (Includes EarPods, Power Adapter)","₹32,990","₹44,900",4.5,26% off,"1,54,102"
242,"APPLE iPhone 7 (Jet Black, 32 GB)","₹31,500",Same Price,4.5,No offer this product,"95,109"
243,Cellecor E3,"₹1,061","₹1,599",3.8,33% off,48
244,"APPLE iPhone 6s (Space Grey, 64 GB)","₹49,999","₹72,000",4.5,30% off,"93,058"
245,"APPLE iPhone 12 mini (Green, 64 GB)","₹50,999","₹59,900",4.5,14% off,"1,27,536"
246,"APPLE iPhone 6s Plus (Silver, 64 GB)","₹59,999","₹82,000",4.4,26% off,"18,834"
247,"APPLE iPhone SE 3rd Gen (Product (Red), 64 GB)","₹32,699","₹49,900",4.3,34% off,600
248,"APPLE iPhone 11 Pro (Space Grey, 512 GB)","₹1,40,300",Same Price,4.6,No offer this product,"8,667"
249,"APPLE iPhone 12 mini (Purple, 64 GB)","₹50,999","₹59,900",4.5,14% off,"1,27,536"
250,"APPLE iPhone SE (White, 64 GB)","₹28,990","₹39,900",4.5,27% off,"1,54,102"
251,"APPLE iPhone 12 mini (White, 256 GB)","₹56,999","₹74,900",4.5,23% off,"1,27,536"
252,"Apple iPhone XR (Yellow, 256 GB) (Includes EarPods, Power Adapter)","₹91,900",Same Price,4.6,No offer this product,"1,00,749"
253,"APPLE iPhone XR (Coral, 128 GB)","₹52,900",Same Price,4.6,No offer this product,"1,00,749"
254,"APPLE iPhone 7 Plus (Jet Black, 256 GB)","₹85,400","₹92,000",4.5,7% off,"29,809"
255,"Apple iPhone XR ((PRODUCT)RED, 256 GB) (Includes EarPods, Power Adapter)","₹91,900",Same Price,4.6,No offer this product,"1,00,749"
256,"APPLE iPhone 6s Plus (Space Grey, 64 GB)","₹59,999","₹82,000",4.4,26% off,"18,834"
257,"APPLE iPhone 14 Pro (Gold, 256 GB)","₹1,29,999","₹1,39,900",4.7,7% off,"1,052"
258,"APPLE iPhone 6 (Gold, 64 GB)","₹62,500",Same Price,4.4,No offer this product,"1,45,545"
259,"APPLE iPhone 12 Pro (Gold, 256 GB)","₹88,199","₹1,19,900",4.5,26% off,"1,307"
260,"APPLE iPhone 6s Plus (Silver, 16 GB)","₹49,999","₹72,000",4.4,30% off,"18,834"
261,"APPLE iPhone 13 mini (Midnight, 256 GB)","₹71,999","₹74,900",4.5,3% off,"3,253"
262,"APPLE iPhone 7 (Rose Gold, 32 GB)","₹31,500",Same Price,4.5,No offer this product,"95,109"
263,"APPLE iPhone 6 (Gold, 128 GB)","₹49,999","₹71,500",4.4,30% off,"1,45,545"
264,"APPLE iPhone 12 mini (Blue, 256 GB)","₹56,999","₹74,900",4.5,23% off,"1,27,536"
265,"APPLE iPhone 13 (Pink, 512 GB)","₹91,999","₹99,900",4.7,7% off,"2,03,658"
266,"APPLE iPhone 7 Plus (Gold, 256 GB)","₹85,400","₹92,000",4.5,7% off,"29,809"
267,"APPLE iPhone 7 Plus (Rose Gold, 256 GB)","₹85,400","₹92,000",4.5,7% off,"29,809"
268,"APPLE iPhone XS (Space Grey, 64 GB)","₹89,900",Same Price,4.7,No offer this product,"11,964"
269,"APPLE iPhone 11 (Green, 128 GB)","₹46,999","₹48,900",4.6,3% off,"1,91,514"
270,"APPLE iPhone 12 mini (Purple, 128 GB)","₹55,999","₹64,900",4.5,13% off,"1,27,536"
271,"APPLE iPhone 8 (PRODUCT)RED (Red, 64 GB)","₹39,900",Same Price,4.7,No offer this product,113
272,"APPLE iPhone XS (Space Grey, 256 GB)","₹1,03,900",Same Price,4.7,No offer this product,"11,964"
273,"APPLE iPhone XR (Coral, 64 GB)","₹47,900",Same Price,4.6,No offer this product,"1,00,749"
274,"APPLE iPhone 6 Plus (Space Grey, 64 GB)","₹48,999","₹71,500",4.5,31% off,"1,672"
275,"APPLE iPhone SE (White, 128 GB)","₹32,990","₹44,900",4.5,26% off,"1,54,102"
276,"APPLE iPhone 12 (Green, 128 GB)","₹56,999","₹64,900",4.6,12% off,"1,88,408"
277,"APPLE iPhone 7 (Black, 128 GB)","₹34,900",Same Price,4.5,No offer this product,"95,109"
278,"APPLE iPhone 7 (PRODUCT) (Red, 256 GB)","₹74,400",Same Price,4.7,No offer this product,29
279,"APPLE iPhone 6s Plus (Space Grey, 128 GB)","₹92,000",Same Price,4.4,No offer this product,"18,834"
280,"Apple iPhone SE (Black, 128 GB) (Includes EarPods, Power Adapter)","₹32,990","₹44,900",4.5,26% off,"1,54,102"
281,"APPLE iPhone 6 (Silver, 64 GB)","₹62,000",Same Price,4.4,No offer this product,"1,45,545"
282,"APPLE iPhone 13 Pro (Graphite, 128 GB)","₹1,19,900",Same Price,4.7,No offer this product,"1,443"
283,"APPLE iPhone 8 Plus (PRODUCT)RED (Red, 64 GB)","₹49,900","₹76,294",4.6,34% off,268
284,"APPLE iPhone SE 3rd Gen (Product (Red), 256 GB)","₹46,599","₹64,900",4.3,28% off,600
285,"APPLE iPhone 7 Plus (Gold, 32 GB)","₹37,900",Same Price,4.5,No offer this product,"29,809"
286,"APPLE iPhone 6 Plus (Silver, 128 GB)","₹48,999","₹80,500",4.5,39% off,"1,672"
287,"APPLE iPhone 6s Plus (Rose Gold, 128 GB)","₹70,000",Same Price,4.4,No offer this product,"18,834"
288,"APPLE iPhone 13 Pro (Sierra Blue, 512 GB)","₹1,25,999","₹1,49,900",4.7,15% off,"1,443"
289,"APPLE iPhone 12 mini (Purple, 256 GB)","₹56,999","₹74,900",4.5,23% off,"1,27,536"
290,"APPLE iPhone 11 (Yellow, 64 GB)","₹41,999","₹43,900",4.6,4% off,"1,91,514"
291,Cellecor E3,"₹1,061","₹1,599",3.8,33% off,48
292,"APPLE iPhone 13 Pro (Silver, 256 GB)","₹1,29,900",Same Price,4.7,No offer this product,"1,443"
293,"APPLE iPhone 11 Pro Max (Space Grey, 256 GB)","₹1,31,900",Same Price,4.7,No offer this product,"1,098"
294,"APPLE iPhone XS (Gold, 256 GB)","₹1,03,900",Same Price,4.7,No offer this product,"11,964"
295,"APPLE iPhone 7 (Rose Gold, 256 GB)","₹74,400",Same Price,4.5,No offer this product,"95,109"
296,"APPLE iPhone 7 Plus (Black, 32 GB)","₹37,900",Same Price,4.5,No offer this product,"29,809"
297,"APPLE iPhone 11 (Yellow, 128 GB)","₹46,999","₹48,900",4.6,3% off,"1,91,514"
298,"APPLE iPhone 13 mini (Blue, 256 GB)","₹71,999","₹74,900",4.5,3% off,"3,253"
299,"APPLE iPhone 7 Plus (Rose Gold, 128 GB)","₹42,900",Same Price,4.5,No offer this product,"29,809"
300,"APPLE iPhone 14 Pro Max (Gold, 1 TB)","₹1,77,999","₹1,89,900",4.7,6% off,"1,174"
301,"APPLE iPhone 6 Plus (Silver, 64 GB)","₹48,999","₹71,500",4.5,31% off,"1,672"
302,"APPLE iPhone 13 Pro (Alpine Green, 256 GB)","₹1,29,900",Same Price,4.7,No offer this product,"1,443"
303,"APPLE iPhone 12 (White, 256 GB)","₹66,999","₹74,900",4.6,10% off,"1,88,408"
304,"APPLE iPhone 13 mini (Blue, 512 GB)","₹89,999","₹94,900",4.5,5% off,"3,253"
305,"APPLE iPhone 6 Plus (Silver, 16 GB)","₹40,999","₹62,000",4.5,33% off,"1,672"
306,"Apple iPhone XR (Blue, 128 GB) (Includes EarPods, Power Adapter)","₹52,900",Same Price,4.6,No offer this product,"1,00,749"
307,"APPLE iPhone 11 Pro Max (Silver, 256 GB)","₹1,31,900",Same Price,4.7,No offer this product,"1,098"
308,"APPLE iPhone 8 Plus (Gold, 256 GB)","₹84,900",Same Price,4.6,No offer this product,"3,438"
309,"APPLE iPhone 14 Pro (Silver, 256 GB)","₹1,29,999","₹1,39,900",4.7,7% off,"1,052"
310,"APPLE iPhone 13 Pro Max (Graphite, 128 GB)","₹1,29,900",Same Price,4.6,No offer this product,"1,864"
311,"APPLE iPhone 11 Pro Max (Gold, 256 GB)","₹1,31,900",Same Price,4.7,No offer this product,"1,098"
312,"APPLE iPhone XS Max (Gold, 64 GB)","₹1,09,900",Same Price,4.6,No offer this product,"1,454"
313,"APPLE iPhone SE (Black, 128 GB)","₹32,990","₹44,900",4.5,26% off,"1,54,102"
314,"APPLE iPhone SE 3rd Gen (Midnight, 128 GB)","₹37,999","₹54,900",4.3,30% off,600
315,"APPLE iPhone SE 3rd Gen (Midnight, 256 GB)","₹46,599","₹64,900",4.3,28% off,600
316,"APPLE iPhone 6s Plus (Space Grey, 16 GB)","₹72,000",Same Price,4.4,No offer this product,"18,834"
317,"APPLE iPhone SE (White, 256 GB)","₹40,990","₹54,900",4.5,25% off,"1,54,102"
318,"APPLE iPhone 14 Plus (Blue, 256 GB)","₹89,999","₹99,900",4.7,9% off,"8,922"
319,"APPLE iPhone 13 mini (Starlight, 512 GB)","₹89,999","₹94,900",4.5,5% off,"3,253"
320,"APPLE iPhone XR (Blue, 64 GB)","₹47,900",Same Price,4.6,No offer this product,"1,00,749"
321,"APPLE iPhone 13 mini (Starlight, 256 GB)","₹71,999","₹74,900",4.5,3% off,"3,253"
322,"APPLE iPhone 13 Pro Max (Gold, 128 GB)","₹1,29,900",Same Price,4.6,No offer this product,"1,864"
323,"APPLE iPhone SE (Red, 64 GB)","₹28,990","₹39,900",4.5,27% off,"1,54,102"
324,"APPLE IPhone 4 (Black, 8 GB)","₹22,900",Same Price,4.1,No offer this product,"1,093"
325,"APPLE iPhone 13 Pro (Sierra Blue, 256 GB)","₹1,29,900",Same Price,4.7,No offer this product,"1,443"
326,"APPLE iPhone 7 Plus (Silver, 256 GB)","₹85,400","₹92,000",4.5,7% off,"29,809"
327,"APPLE iPhone 13 Pro (Sierra Blue, 128 GB)","₹1,19,900",Same Price,4.7,No offer this product,"1,443"
328,"APPLE iPhone 12 mini (Green, 128 GB)","₹55,999","₹64,900",4.5,13% off,"1,27,536"
329,"APPLE iPhone 5s (Gold, 16 GB)","₹14,999","₹35,000",4.4,57% off,"62,746"
330,"APPLE iPhone 8 Plus (PRODUCT)RED (Red, 256 GB)","₹84,900",Same Price,4.6,No offer this product,268
331,"APPLE iPhone 14 Plus (Yellow, 128 GB)","₹79,999","₹89,900",4.7,11% off,"8,922"
332,"APPLE iPhone 7 (Jet Black, 256 GB)","₹74,400",Same Price,4.5,No offer this product,"95,109"
333,"APPLE iPhone XS (Silver, 512 GB)","₹1,34,900",Same Price,4.7,No offer this product,"11,964"
334,"APPLE iPhone 12 Pro (Graphite, 256 GB)","₹88,199","₹1,19,900",4.5,26% off,"1,307"
335,"APPLE iPhone 11 Pro (Silver, 64 GB)","₹1,06,600",Same Price,4.6,No offer this product,"8,667"
336,"Apple iPhone SE (White, 64 GB) (Includes EarPods, Power Adapter)","₹28,990","₹39,900",4.5,27% off,"1,54,102"
337,"APPLE iPhone 13 Pro (Alpine Green, 128 GB)","₹1,19,900",Same Price,4.7,No offer this product,"1,443"
338,"APPLE iPhone 12 Pro (Pacific Blue, 256 GB)","₹88,199","₹1,19,900",4.5,26% off,"1,307"
339,"APPLE iPhone 11 Pro Max (Space Grey, 512 GB)","₹1,50,800",Same Price,4.7,No offer this product,"1,098"
340,"APPLE iPhone 6s Plus (Gold, 128 GB)","₹92,000",Same Price,4.4,No offer this product,"18,834"
341,"APPLE iPhone 7 (Silver, 128 GB)","₹34,900",Same Price,4.5,No offer this product,"95,109"
342,"APPLE iPhone 11 Pro Max (Midnight Green, 512 GB)","₹1,50,800",Same Price,4.7,No offer this product,"1,098"
343,"APPLE iPhone 11 Pro Max (Midnight Green, 256 GB)","₹1,01,999","₹1,31,900",4.7,22% off,"1,098"
344,"APPLE iPhone 8 (Space Grey, 64 GB)","₹39,900",Same Price,4.5,No offer this product,"11,371"
345,"APPLE iPhone 7 Plus (Gold, 128 GB)","₹42,900",Same Price,4.5,No offer this product,"29,809"
346,"APPLE iPhone 12 mini (Blue, 64 GB)","₹50,999","₹59,900",4.5,14% off,"1,27,536"
347,"APPLE iPhone SE (Red, 256 GB)","₹40,990","₹54,900",4.5,25% off,"1,54,102"
348,"APPLE IPhone 4 (White, 8 GB)","₹13,999","₹22,900",4.1,38% off,"1,093"
349,"APPLE iPhone 6 (Silver, 128 GB)","₹71,500",Same Price,4.4,No offer this product,"1,45,545"
350,"APPLE iPhone 7 Plus (Jet Black, 128 GB)","₹42,900",Same Price,4.5,No offer this product,"29,809"
351,"APPLE iPhone 6 (Grey, 128 GB)","₹71,500",Same Price,4.4,No offer this product,"1,45,545"
352,"APPLE iPhone 11 Pro (Midnight Green, 64 GB)","₹87,099","₹1,06,600",4.6,18% off,"8,667"
353,"APPLE iPhone 13 Pro (Gold, 128 GB)","₹1,19,900",Same Price,4.7,No offer this product,"1,443"
354,"APPLE iPhone 7 (Gold, 256 GB)","₹74,400",Same Price,4.5,No offer this product,"95,109"
355,"APPLE iPhone 7 Plus (Black, 256 GB)","₹85,400","₹92,000",4.5,7% off,"29,809"
356,"APPLE iPhone 5C (Pink, 8 GB)","₹37,500",Same Price,3.9,No offer this product,"1,327"
357,"APPLE iPhone 5C (Yellow, 8 GB)","₹37,500",Same Price,3.9,No offer this product,"1,327"
358,"APPLE iPhone XS (Silver, 256 GB)","₹1,03,900",Same Price,4.7,No offer this product,"11,964"
359,"APPLE iPhone 6s Plus (Silver, 128 GB)","₹70,000",Same Price,4.4,No offer this product,"18,834"
360,"APPLE iPhone 13 (Green, 128 GB)","₹61,999","₹69,900",4.7,11% off,"2,03,658"
361,"APPLE iPhone 13 (Midnight, 128 GB)","₹61,999","₹69,900",4.7,11% off,"2,03,658"
362,"APPLE iPhone 13 (Pink, 128 GB)","₹61,999","₹69,900",4.7,11% off,"2,03,658"
363,"APPLE iPhone 13 (Blue, 128 GB)","₹61,999","₹69,900",4.7,11% off,"2,03,658"
364,"APPLE iPhone 13 (Starlight, 128 GB)","₹61,999","₹69,900",4.7,11% off,"2,03,658"
365,"APPLE iPhone 14 (Midnight, 128 GB)","₹71,999","₹79,900",4.6,9% off,"29,775"
366,"APPLE iPhone 14 (Blue, 128 GB)","₹71,999","₹79,900",4.6,9% off,"29,775"
367,"APPLE iPhone 11 (White, 128 GB)","₹43,999","₹48,900",4.6,10% off,"1,91,514"
368,"APPLE iPhone 11 (Black, 128 GB)","₹43,999","₹48,900",4.6,10% off,"1,91,514"
369,"APPLE iPhone 14 ((PRODUCT)RED, 128 GB)","₹69,999","₹79,900",4.6,12% off,"29,775"
370,"APPLE iPhone 14 (Midnight, 256 GB)","₹81,999","₹89,900",4.6,8% off,"29,775"
371,"APPLE iPhone 14 Plus (Blue, 128 GB)","₹79,999","₹89,900",4.7,11% off,"8,922"
372,"APPLE iPhone 13 (Green, 256 GB)","₹71,999","₹79,900",4.7,9% off,"2,03,658"
373,"APPLE iPhone 14 Plus (Purple, 128 GB)","₹79,999","₹89,900",4.7,11% off,"8,922"
374,"APPLE iPhone 13 (Blue, 256 GB)","₹71,999","₹79,900",4.7,9% off,"2,03,658"
375,"APPLE iPhone 11 (Black, 64 GB)","₹39,999","₹43,900",4.6,8% off,"1,91,514"
376,"APPLE iPhone 14 Plus (Starlight, 128 GB)","₹79,999","₹89,900",4.7,11% off,"8,922"
377,"APPLE iPhone 13 (Midnight, 256 GB)","₹71,999","₹79,900",4.7,9% off,"2,03,658"
378,"APPLE iPhone 14 (Purple, 256 GB)","₹81,999","₹89,900",4.6,8% off,"29,775"
379,"APPLE iPhone 13 (Pink, 256 GB)","₹71,999","₹79,900",4.7,9% off,"2,03,658"
380,"APPLE iPhone 14 Plus ((PRODUCT)RED, 128 GB)","₹77,999","₹89,900",4.7,13% off,"8,922"
381,"APPLE iPhone 13 (Starlight, 256 GB)","₹71,999","₹79,900",4.7,9% off,"2,03,658"
382,"APPLE iPhone 11 (White, 64 GB)","₹39,999","₹43,900",4.6,8% off,"1,91,514"
383,"APPLE iPhone 14 Pro (Space Black, 128 GB)","₹1,19,999","₹1,29,900",4.7,7% off,"1,052"
384,"APPLE iPhone 14 (Blue, 256 GB)","₹81,999","₹89,900",4.6,8% off,"29,775"
385,"APPLE iPhone 14 Pro Max (Space Black, 128 GB)","₹1,27,999","₹1,39,900",4.7,8% off,"1,174"
386,"APPLE iPhone 14 (Yellow, 128 GB)","₹71,999","₹79,900",4.6,9% off,"29,775"
387,"APPLE iPhone 12 (White, 64 GB)","₹53,999","₹59,900",4.6,9% off,"1,88,408"
388,"APPLE iPhone 13 ((PRODUCT)RED, 128 GB)","₹61,999","₹69,900",4.7,11% off,"2,03,658"
389,"APPLE iPhone 12 (Blue, 64 GB)","₹53,999","₹59,900",4.6,9% off,"1,88,408"
390,"APPLE iPhone 14 (Starlight, 128 GB)","₹71,999","₹79,900",4.6,9% off,"29,775"
391,"APPLE iPhone 12 (Red, 128 GB)","₹56,999","₹64,900",4.6,12% off,"1,88,408"
392,"APPLE iPhone 12 (White, 128 GB)","₹56,999","₹64,900",4.6,12% off,"1,88,408"
393,"APPLE iPhone 12 (Black, 64 GB)","₹53,999","₹59,900",4.6,9% off,"1,88,408"
394,"APPLE iPhone 14 Plus (Midnight, 128 GB)","₹79,999","₹89,900",4.7,11% off,"8,922"
395,"APPLE iPhone 14 ((PRODUCT)RED, 256 GB)","₹81,999","₹89,900",4.6,8% off,"29,775"
396,"APPLE iPhone 12 (Red, 64 GB)","₹53,999","₹59,900",4.6,9% off,"1,88,408"
397,"APPLE iPhone 14 Pro Max (Gold, 128 GB)","₹1,27,999","₹1,39,900",4.7,8% off,"1,174"
398,"APPLE iPhone 14 Pro (Silver, 128 GB)","₹1,19,999","₹1,29,900",4.7,7% off,"1,052"
399,"APPLE iPhone 14 Plus ((PRODUCT)RED, 256 GB)","₹89,999","₹99,900",4.7,9% off,"8,922"
400,"APPLE iPhone 13 mini (Blue, 128 GB)","₹61,999","₹64,900",4.5,4% off,"3,253"
401,"APPLE iPhone 14 (Starlight, 256 GB)","₹81,999","₹89,900",4.6,8% off,"29,775"
402,"APPLE iPhone 14 Pro Max (Silver, 128 GB)","₹1,27,999","₹1,39,900",4.7,8% off,"1,174"
403,"APPLE iPhone 13 ((PRODUCT)RED, 256 GB)","₹71,999","₹79,900",4.7,9% off,"2,03,658"
404,"APPLE iPhone 14 Pro (Gold, 128 GB)","₹1,19,999","₹1,29,900",4.7,7% off,"1,052"
405,"APPLE iPhone 14 (Purple, 128 GB)","₹71,999","₹79,900",4.6,9% off,"29,775"
406,"APPLE iPhone 14 Pro (Deep Purple, 128 GB)","₹1,19,999","₹1,29,900",4.7,7% off,"1,052"
407,"APPLE iPhone 11 (Red, 128 GB)","₹46,999","₹48,900",4.6,3% off,"1,91,514"
408,"APPLE iPhone 14 Plus (Midnight, 512 GB)","₹1,09,999","₹1,19,900",4.7,8% off,"8,922"
409,"APPLE iPhone 14 Pro Max (Deep Purple, 256 GB)","₹1,37,999","₹1,49,900",4.7,7% off,"1,174"
410,"APPLE iPhone 14 Pro (Deep Purple, 256 GB)","₹1,29,999","₹1,39,900",4.7,7% off,"1,052"
411,"APPLE iPhone 12 (Black, 256 GB)","₹66,999","₹74,900",4.6,10% off,"1,88,408"
412,"APPLE iPhone 12 (Blue, 256 GB)","₹66,999","₹74,900",4.6,10% off,"1,88,408"
413,"APPLE iPhone 14 (Midnight, 512 GB)","₹1,01,999","₹1,09,900",4.6,7% off,"29,775"
414,"APPLE iPhone 14 Plus (Purple, 512 GB)","₹1,09,999","₹1,19,900",4.7,8% off,"8,922"
415,"APPLE iPhone 12 (Red, 256 GB)","₹66,999","₹74,900",4.6,10% off,"1,88,408"
416,"APPLE iPhone 13 Pro Max (Gold, 512 GB)","₹1,34,999","₹1,59,900",4.6,15% off,"1,864"
417,"APPLE iPhone 13 (Blue, 512 GB)","₹91,999","₹99,900",4.7,7% off,"2,03,658"
418,"APPLE iPhone 13 ((PRODUCT)RED, 512 GB)","₹91,999","₹99,900",4.7,7% off,"2,03,658"
419,"APPLE iPhone 12 (Green, 256 GB)","₹66,999","₹74,900",4.6,10% off,"1,88,408"
420,"APPLE iPhone 14 Plus (Midnight, 256 GB)","₹89,999","₹99,900",4.7,9% off,"8,922"
421,"APPLE iPhone 11 (Red, 64 GB)","₹41,999","₹43,900",4.6,4% off,"1,91,514"
422,"APPLE iPhone 13 (Green, 512 GB)","₹91,999","₹99,900",4.7,7% off,"2,03,658"
423,"APPLE iPhone 14 (Purple, 512 GB)","₹1,01,999","₹1,09,900",4.6,7% off,"29,775"
424,"APPLE iPhone 11 (Green, 64 GB)","₹41,999","₹43,900",4.6,4% off,"1,91,514"
425,"APPLE iPhone 11 (Purple, 128 GB)","₹46,999","₹48,900",4.6,3% off,"1,91,514"
426,"APPLE iPhone 14 Pro (Space Black, 256 GB)","₹1,29,999","₹1,39,900",4.7,7% off,"1,052"
427,"APPLE iPhone 14 ((PRODUCT)RED, 512 GB)","₹1,01,999","₹1,09,900",4.6,7% off,"29,775"
428,"APPLE iPhone 14 Plus (Starlight, 512 GB)","₹1,09,999","₹1,19,900",4.7,8% off,"8,922"
429,"APPLE iPhone 14 Plus ((PRODUCT)RED, 512 GB)","₹1,09,999","₹1,19,900",4.7,8% off,"8,922"
430,"APPLE iPhone 14 (Blue, 512 GB)","₹1,01,999","₹1,09,900",4.6,7% off,"29,775"
431,"APPLE iPhone 13 (Starlight, 512 GB)","₹91,999","₹99,900",4.7,7% off,"2,03,658"
432,"APPLE iPhone 11 Pro Max (Gold, 64 GB)","₹95,699","₹1,17,100",4.7,18% off,"1,098"
433,"APPLE iPhone 14 Pro Max (Deep Purple, 128 GB)","₹1,27,999","₹1,39,900",4.7,8% off,"1,174"
434,"APPLE iPhone 13 ((PRODUCT)RED, 512 GB)","₹91,999","₹99,900",4.7,7% off,"2,03,658"
435,"APPLE iPhone 13 mini (Pink, 128 GB)","₹61,999","₹64,900",4.5,4% off,"3,253"
436,"APPLE iPhone 14 Pro (Gold, 512 GB)","₹1,49,999","₹1,59,900",4.7,6% off,"1,052"
437,"APPLE iPhone 13 (Midnight, 512 GB)","₹91,999","₹99,900",4.7,7% off,"2,03,658"
438,"APPLE iPhone 13 Pro (Silver, 512 GB)","₹1,25,999","₹1,49,900",4.7,15% off,"1,443"
439,"APPLE iPhone 12 (Purple, 256 GB)","₹66,999","₹74,900",4.6,10% off,"1,88,408"
440,"APPLE iPhone 14 (Blue, 512 GB)","₹1,01,999","₹1,09,900",4.6,7% off,"29,775"
441,"APPLE iPhone 14 Pro (Silver, 512 GB)","₹1,49,999","₹1,59,900",4.7,6% off,"1,052"
442,"APPLE iPhone 13 Pro Max (Alpine Green, 512 GB)","₹1,34,999","₹1,59,900",4.6,15% off,"1,864"
443,"APPLE iPhone 13 Pro (Gold, 512 GB)","₹1,25,999","₹1,49,900",4.7,15% off,"1,443"
444,"APPLE iPhone 13 mini (Pink, 512 GB)","₹89,999","₹94,900",4.5,5% off,"3,253"
445,"APPLE iPhone 14 Pro Max (Silver, 512 GB)","₹1,57,999","₹1,69,900",4.7,7% off,"1,174"
446,"APPLE iPhone 13 mini ((PRODUCT)RED, 512 GB)","₹89,999","₹94,900",4.5,5% off,"3,253"
447,"APPLE iPhone 14 Pro (Space Black, 1 TB)","₹1,69,999","₹1,79,900",4.7,5% off,"1,052"
448,"APPLE iPhone 14 Pro Max (Gold, 256 GB)","₹1,37,999","₹1,49,900",4.7,7% off,"1,174"
449,"APPLE iPhone 13 Pro Max (Sierra Blue, 512 GB)","₹1,34,999","₹1,59,900",4.6,15% off,"1,864"
450,"APPLE iPhone 13 Pro Max (Sierra Blue, 256 GB)","₹1,39,900",Same Price,4.6,No offer this product,"1,864"
451,"APPLE iPhone 14 (Yellow, 512 GB)","₹1,01,999","₹1,09,900",4.6,7% off,"29,775"
452,"APPLE iPhone 12 (Purple, 64 GB)","₹53,999","₹59,900",4.6,9% off,"1,88,408"
453,"APPLE iPhone 14 Pro (Deep Purple, 1 TB)","₹1,69,999","₹1,79,900",4.7,5% off,"1,052"
454,"APPLE iPhone 14 Pro Max (Deep Purple, 1 TB)","₹1,77,999","₹1,89,900",4.7,6% off,"1,174"
455,"APPLE iPhone 12 mini (Black, 64 GB)","₹50,999","₹59,900",4.5,14% off,"1,27,536"
